;Kappaleet
1;WAP (feat. Megan Thee Stallion) by Cardi B
2;Hawái by Maluma
3;Dynamite by BTS
4;Mood (feat. Iann Dior) by 24kGoldn
5;Ice Cream (with Selena Gomez) by BLACKPINK
6;Savage Love (Laxed - Siren Beat) by Jawsh 685
7;Watermelon Sugar by Harry Styles
8;ROCKSTAR (feat. Roddy Ricch) by DaBaby
9;Blinding Lights by The Weeknd
10;Laugh Now Cry Later (feat. Lil Durk) by Drake
11;Roses - Imanbek Remix by SAINt JHN
12;Mood Swings (feat. Lil Tjay) by Pop Smoke
13;Ay, DiOs Mío! by KAROL G
14;Breaking Me by Topic
15;For The Night (feat. Lil Baby & DaBaby) by Pop Smoke
16;UN DIA (ONE DAY) (Feat. Tainy) by J Balvin
17;Heather by Conan Gray
18;La Jeepeta - Remix by Nio Garcia
19;Head & Heart (feat. MNEK) by Joel Corry
20;La Curiosidad by Jay Wheeler
21;Come & Go (with Marshmello) by Juice WRLD
22;Caramelo by Ozuna
23;Tattoo - Remix with Camilo by Rauw Alejandro
24;Dance Monkey by Tones And I
25;"Agua (with J Balvin) - Music From ""Sponge On The Run"" Movie by Tainy"
26;Relación by Sech
27;Smile (with The Weeknd) by Juice WRLD
28;death bed (coffee for your head) by Powfu
29;Over Now (with The Weeknd) by Calvin Harris
30;Wishing Well by Juice WRLD
31;Someone You Loved by Lewis Capaldi
32;Lemonade (feat. Gunna, Don Toliver & NAV) by Internet Money
33;How You Like That by BLACKPINK
34;WHATS POPPIN (feat. DaBaby, Tory Lanez & Lil Wayne) - Remix by Jack Harlow
35;Before You Go by Lewis Capaldi
36;Rain On Me (with Ariana Grande) by Lady Gaga
37;Midnight Sky by Miley Cyrus
38;you broke me first by Tate McRae
39;Blueberry Faygo by Lil Mosey
40;Go Crazy by Chris Brown
41;Don't Start Now by Dua Lipa
42;Djadja (feat. Maluma) - Remix by Aya Nakamura
43;GREECE (feat. Drake) by DJ Khaled
44;MAMACITA by Black Eyed Peas
45;Break My Heart by Dua Lipa
46;The Woo (feat. 50 Cent & Roddy Ricch) by Pop Smoke
47;ily (i love you baby) (feat. Emilee) by Surf Mesa
48;Party Girl by StaySolidRocky
49;Ayer Me Llamó Mi Ex (feat. Lenny Santos) by KHEA
50;Mamichula - con Nicki Nicole by Trueno
51;Toosie Slide by Drake
52;Stuck with U (with Justin Bieber) by Ariana Grande
53;Kings & Queens by Ava Max
54;The Box by Roddy Ricch
55;Circles by Post Malone
56;Still Don't Know My Name by Labrinth
57;Adore You by Harry Styles
58;goosebumps by Travis Scott
59;Tusa by KAROL G
60;Lucid Dreams by Juice WRLD
61;Take You Dancing by Jason Derulo
62;Mi Cuarto by Jerry Di
63;Electric Love by BØRNS
64;Sunflower - Spider-Man: Into the Spider-Verse by Post Malone
65;Falling by Trevor Daniel
66;Señorita by Shawn Mendes
67;Blastoff (feat. Juice Wrld & Trippie Redd) by Internet Money
68;cardigan by Taylor Swift
69;Robbery by Juice WRLD
70;Memories by Maroon 5
71;Intentions (feat. Quavo) by Justin Bieber
72;my future by Billie Eilish
73;HIGHEST IN THE ROOM by Travis Scott
74;THE BADDEST by K/DA
75;Lean (feat. Towy, Osquel, Beltito & Sammy & Falsetto) by Super Yei
76;bad guy by Billie Eilish
77;Hasta Que Dios Diga by Anuel AA
78;TKN (feat. Travis Scott) by ROSALÍA
79;POPSTAR (feat. Drake) by DJ Khaled
80;In Your Eyes by The Weeknd
81;lovely (with Khalid) by Billie Eilish
82;ROXANNE by Arizona Zervas
83;SICKO MODE by Travis Scott
84;Be Kind (with Halsey) by Marshmello
85;Oh Juliana by Niack
86;Stunnin' (feat. Harm Franklin) by Curtis Waters
87;Azul by J Balvin
88;PORFA Remix ( Feat. Maluma, Nicky Jam, Sech) - Remix by Feid
89;Favorito by Camilo
90;Dior by Pop Smoke
91;Shallow by Lady Gaga
92;Ride It by Regard
93;Life Is Good (feat. Drake) by Future
94;THE SCOTTS by THE SCOTTS
95;Sunday Best by Surfaces
96;my ex's best friend (with blackbear) by Machine Gun Kelly
97;Elegí (feat. Dímelo Flow) by Rauw Alejandro
98;"The Plan - From the Motion Picture ""TENET"" by Travis Scott"
99;Say So by Doja Cat
100;Secrets by Regard
101;Supalonely by BENEE
102;exile (feat. Bon Iver) by Taylor Swift
103;everything i wanted by Billie Eilish
104;Be Like That - feat. Swae Lee & Khalid by Kane Brown
105;Believer by Imagine Dragons
106;Got It On Me by Pop Smoke
107;If the World Was Ending - feat. Julia Michaels by JP Saxe
108;Yo Perreo Sola by Bad Bunny
109;Not Shy by ITZY
110;Falling by Harry Styles
111;Rojo by J Balvin
112;Safaera by Bad Bunny
113;Tak Tiki Tak by Harry Nach
114;After Party by Don Toliver
115;Play Date by Melanie Martinez
116;Caramelo - Remix by Ozuna
117;Jocelyn Flores by XXXTENTACION
118;All Girls Are The Same by Juice WRLD
119;Parce (feat. Justin Quiles) by Maluma
120;Bande organisée by Jul
121;hot girl bummer by blackbear
122;Some Say - Felix Jaehn Remix by Nea
123;CÓMO SE SIENTE - Remix by Jhay Cortez
124;Bohemian Rhapsody - 2011 Mix by Queen
125;Godzilla (feat. Juice WRLD) by Eminem
126;I Don't Care (with Justin Bieber) by Ed Sheeran
127;Righteous by Juice WRLD
128;Say You Won't Let Go by James Arthur
129;Hate The Other Side (with Marshmello & The Kid Laroi) by Juice WRLD
130;SAD! by XXXTENTACION
131;Are You Bored Yet? (feat. Clairo) by Wallows
132;7 rings by Ariana Grande
133;Tap In by Saweetie
134;Perfect by Ed Sheeran
135;Nobody's Love by Maroon 5
136;Shape of You by Ed Sheeran
137;WHATS POPPIN by Jack Harlow
138;Chicago Freestyle (feat. Giveon) by Drake
139;Investe Em Mim by Jonas Esticado
140;rockstar (feat. 21 Savage) by Post Malone
141;Money Trees by Kendrick Lamar
142;Savage Remix (feat. Beyoncé) by Megan Thee Stallion
143;Conversations by Juice WRLD
144;GOOBA by 6ix9ine
145;El Mismo Aire - con Pablo Alborán by Camilo
146;when the party's over by Billie Eilish
147;DOLLAZ ON MY HEAD (feat. Young Thug) by Gunna
148;the 1 by Taylor Swift
149;GO (feat. Juice WRLD) by The Kid LAROI
150;Lose Somebody by Kygo
151;We Paid (feat. 42 Dugg) by Lil Baby
152;When I Look At You by Miley Cyrus
153;No Guidance (feat. Drake) by Chris Brown
154;21 by Polo G
155;Beautiful People (feat. Khalid) by Ed Sheeran
156;7 Summers by Morgan Wallen
157;ADMV by Maluma
158;Lose Control by MEDUZA
159;Jangueo by Alex Rose
160;Boy With Luv (feat. Halsey) by BTS
161;All of Me by John Legend
162;Desce Pro Play (PA PA PA) by Mc Zaac
163;Happier by Marshmello
164;Quiéreme Mientras Se Pueda by Manuel Turizo
165;Physical by Dua Lipa
166;Jeans by Justin Quiles
167;Boss Bitch by Doja Cat
168;Someone To You by BANNERS
169;Madrid by Maluma
170;The Less I Know The Better by Tame Impala
171;Let Her Go by Passenger
172;Moonlight by XXXTENTACION
173;RITMO (Bad Boys For Life) by Black Eyed Peas
174;Be Alright by Dean Lewis
175;Without Me by Halsey
176;Get You The Moon (feat. Snøw) by Kina
177;feel something by Bea Miller
178;Something Just Like This by The Chainsmokers
179;OUT WEST (feat. Young Thug) by JACKBOYS
180;Bandit (with YoungBoy Never Broke Again) by Juice WRLD
181;Reggaetonera by Anuel AA
182;Pa' Olvidarme De Ella by Piso 21
183;Rags2Riches 2 (feat. Lil Baby) by Rod Wave
184;Bruises by Lewis Capaldi
185;Cry About It Later by Katy Perry
186;Mariposa by Peach Tree Rascals
187;Banana (feat. Shaggy) - DJ FLe - Minisiren Remix by Conkarah
188;Riptide by Vance Joy
189;Paratiisi by Rauli Badding Somerjoki
190;Don't Stop Me Now - 2011 Mix by Queen
191;10,000 Hours (with Justin Bieber) by Dan + Shay
192;Anaranjado by Jowell & Randy
193;Gifted (feat. Roddy Ricch) by Cordae
194;Sweater Weather by The Neighbourhood
195;PAM by Justin Quiles
196;Mr. Brightside by The Killers
197;What's Love Got to Do with It by Kygo
198;Don't Stop Believin' by Journey
199;July by Noah Cyrus
200;Alane by Robin Schulz
